[{
  "title": "\"Satchel: The Life and Times of an American Legend\"",
  "author": "\"Larry Tye\"",
  "publicationDate": "\"2010-05-04\"",
  "isbn": "\"0812977971\""
},{
  "title": "\"Writing To Learn\"",
  "author": "\"William Zinsser\"",
  "publicationDate": "\"1993-06-04\"",
  "isbn": "\"0062720406\""
},{
  "title": "\"John Calvin: A Pilgrim's Life\"",
  "author": "\"Herman J. Selderhuis\"",
  "publicationDate": "\"2009-02-21\"",
  "isbn": "\"0830829210\""
}, {
  "title": "\"The Brazilian Jiu Jitsu Globe Trotter\"",
  "author": "\"Christian Gaugart\"",
  "publicationDate": "\"2012-11-13\"",
  "isbn": "\"1479104523\""
}]
